id,first_name,last_name,email
1,Adel,McComiskey,amccomiskey0@taobao.com
2,Corliss,Highwood,chighwood1@comcast.net
3,Benoit,McEllen,bmcellen2@wp.com
4,Tommie,Jiruch,tjiruch3@vimeo.com
5,Gisela,Banford,gbanford4@mlb.com
6,Anastasia,Jaksic,ajaksic5@so-net.ne.jp
7,Gib,Keers,gkeers6@mysql.com
8,Isobel,Sizey,isizey7@hugedomains.com
9,Cathi,Sandyfirth,csandyfirth8@netvibes.com
10,Julia,Screase,jscrease9@huffingtonpost.com
11,Helena,Tumulty,htumultya@java.com
12,Ashton,Prest,aprestb@jimdo.com
13,Zacherie,Cowthard,zcowthardc@seattletimes.com
14,Clerissa,Lemarie,clemaried@engadget.com
15,Lexie,Shelliday,lshellidaye@senate.gov
16,Yvor,Angric,yangricf@eventbrite.com
17,Abbe,Andreacci,aandreaccig@twitter.com
18,Hansiain,Cockerill,hcockerillh@columbia.edu
19,Timmie,Salvadori,tsalvadorii@nature.com
20,Celine,Clutterham,cclutterhamj@theatlantic.com
21,Fanchon,MacNaughton,fmacnaughtonk@joomla.org
22,Helge,O'Griffin,hogriffinl@ezinearticles.com
23,Halsey,Moodey,hmoodeym@free.fr
24,Loralie,Jakubski,ljakubskin@discovery.com
25,Diahann,Cutress,dcutresso@census.gov
26,Georgianne,Sieghard,gsieghardp@zdnet.com
27,Alan,Ince,ainceq@arizona.edu
28,Aloisia,Balsom,abalsomr@java.com
29,Imogen,Kurdani,ikurdanis@buzzfeed.com
30,Arron,Hawes,ahawest@addthis.com
31,Kristan,Sander,ksanderu@kickstarter.com
32,Inglebert,Buret,iburetv@about.me
33,Duffy,Morsom,dmorsomw@washingtonpost.com
34,Carlo,Skirlin,cskirlinx@simplemachines.org
35,Amara,Lyburn,alyburny@house.gov
36,Elissa,Mayte,emaytez@google.com
37,Ephrayim,Reame,ereame10@cnet.com
38,Antoinette,Larmor,alarmor11@quantcast.com
39,Alica,Shead,ashead12@samsung.com
40,Nichole,Ivanchin,nivanchin13@cmu.edu
41,Joycelin,Phinn,jphinn14@whitehouse.gov
42,Almire,Whitchurch,awhitchurch15@lulu.com
43,Lulu,Starbucke,lstarbucke16@dropbox.com
44,Peri,Boots,pboots17@mashable.com
45,Michail,Hastler,mhastler18@yahoo.co.jp
46,Wilfred,Willatt,wwillatt19@home.pl
47,Ringo,Jaszczak,rjaszczak1a@ovh.net
48,Auguste,Sabben,asabben1b@miitbeian.gov.cn
49,Rayner,Kingaby,rkingaby1c@e-recht24.de
50,Esta,Angove,eangove1d@chicagotribune.com
